Rank,State,UA_Name,UA_Country,UA_Continent,Housing,Cost of Living,Startups,Venture Capital,Travel Connectivity,Commute,Business Freedom,Safety,Healthcare,Education,Environmental Quality,Economy,Taxation,Internet Access,Leisure & Culture,Tolerance,Outdoors
1,South Australia,Adelaide, Australia,Oceania,6.3095,4.692,3.1365,2.64,1.7765,5.33625,9.399666667,7.926,7.936666667,5.142,8.33075,6.0695,4.5885,4.341,4.3285,7.822,5.531
2,Queensland,Brisbane, Australia,Oceania,5.212,5.177,6.343,3.24,2.4345,4.61775,9.399666667,7.9035,8.317666667,5.921,8.82775,6.0695,4.5885,4.4075,4.01,7.4895,6.2565
3,Victoria,Melbourne, Australia,Oceania,4.83,4.798,8.204,5.02,2.8465,4.872,9.399666667,7.1325,8.016,6.2205,7.8915,6.0695,4.5885,5.896,6.461,7.0005,6.203
4,Western Australia,Perth, Australia,Oceania,5.233,4.795,5.127,3.102,2.1105,4.695,9.399666667,7.1045,8.059333333,5.143,8.1325,6.0695,4.5885,4.1785,4.5115,7.4705,5.6835
5,New South Wales,Sydney, Australia,Oceania,1.9865,4.128,8.7265,6.427,3.285,4.851,9.399666667,7.571,8.033666667,6.7255,7.81675,6.0695,4.5885,4.7365,6.2275,7.0325,6.2635
